<nombreJardin>Jardín Botánico Central</nombreJardin>

<ubicacion>
    <ciudad>Valencia</ciudad>
    <pais>España</pais>
    <coordenadas>
        <latitud>39.4699</latitud>
        <longitud>-0.3763</longitud>
    </coordenadas>
</ubicacion>

<anoFundacion>1995</anoFundacion>
<estaAbierto>True</estaAbierto>
<numeroPlantas>5000</numeroPlantas>
<secciones>Invernadero Tropical</secciones>
<secciones>Jardin de Cactus</secciones>
<secciones>Rosaleda</secciones>
<secciones>Huerto Urbano</secciones>
<jardineroPrincipal>
    <nombre>Luis Martínez</nombre>
    <edad>45</edad>
    <anosExperiencia>20</anosExperiencia>
    <contacto>
        <correo>luis.martinez@jardinbotanico.es</correo>
        <telefono>+34-123-456-789</telefono>
    </contacto>
</jardineroPrincipal>